epic,name,gender,age,relation,relative,old_serial,old_part,old_part_name,old_epic_number,mapped_state,mapped_ac,mapped_part,marked_by_blo
,jyothi pappala,F,24,F,chinnayyareddi,4,4,Purushottapuram,AP010010000000,,,,
,jayalakshmi pappala,F,41,H,chinnaiah reddy,5,4,Purushottapuram,AP010010000000,,,,
,girija kumar singh paramadu,F,30,F,bantusingh,2,4,Purushottapuram,AP010010000000,,,,
,vasantha ponnigant,F,25,H,ramarao,13,4,Purushottapuram,AP010010000000,,,,
,triveni varma,F,33,H,shuresh kumar varma,14,4,Purushottapuram,AP010010000000,,,,
,devi munni,F,68,H,mahesh narayana rav,15,4,Purushottapuram,AP010010000000,,,,
,suggu shakuntula,F,27,F,lakshmi narayana,17,4,Purushottapuram,AP010010000000,,,,
,mangamma gudla,F,20,H,mallikharjun,20,4,Purushottapuram,AP010010000000,,,,
,sunitha bobbili,F,20,H,chottu,24,4,Purushottapuram,AP010010000000,,,,
,meera jah,F,30,H,govind kumar,26,4,Purushottapuram,AP010010000000,,,,
,dupan lakshmi,F,20,H,chalapathi,28,4,Purushottapuram,AP010010000000,,,,
,putta usha,F,21,H,ramana,30,4,Purushottapuram,AP010010000000,,,,
,palakonda jaya,F,30,H,sekhar,31,4,Purushottapuram,AP010010000000,,,,
,dabbiru suguna,F,38,H,venkata ramana,33,4,Purushottapuram,AP010010000000,,,,
,neyyila lakshmi behara,F,20,H,chintamani,35,4,Purushottapuram,AP010010000000,,,,
,dabbiru lakshmi,F,19,F,venkata ramana,34,4,Purushottapuram,AP010010000000,,,,
,savarasi rambha,F,20,H,raju,37,4,Purushottapuram,AP010010000000,,,,
,savarasi kamala,F,24,H,mohanarao,39,4,Purushottapuram,AP010010000000,,,,
,savarasi chandra behara,F,35,H,soanbari,38,4,Purushottapuram,AP010010000000,,,,
,pushpa sadi,F,20,H,sadi ramarao,40,4,Purushottapuram,AP010010000000,,,,
,parvathi gali,F,30,H,jaggarao,44,4,Purushottapuram,AP010010009187,,,,
,padamavathi gali,F,26,H,bairagi reddy,45,4,Purushottapuram,AP010010009416,,,,
,ramalakshmi gali,F,32,H,dilleshvarraou,49,4,Purushottapuram,AP010010009100,,,,
,kantamma patro,F,62,H,raghunaad,51,4,Purushottapuram,000000000000,,,,
,sabitha patro,F,27,H,babuaravu,52,4,Purushottapuram,000000000000,,,,
,pappala rajalakshmi,F,30,H,devaraju,54,4,Purushottapuram,AP010010000000,,,,
,pappala haimavati,F,21,F,chinnaiah reddy,55,4,Purushottapuram,AP010010000000,,,,
,dubbaru mani,F,25,H,shuresh,60,4,Purushottapuram,AP010010000000,,,,
,kasturisahu,F,35,H,ganapathisahu,57,4,Purushottapuram,AP010010009429,,,,
,kamalamma uppada,F,54,H,raajaiah,61,4,Purushottapuram,000000000000,,,,
,aruna dabbiru,F,27,H,darmarao,58,4,Purushottapuram,AP010010009415,,,,
,ammaji dabbiru,F,62,H,darmarao,59,4,Purushottapuram,AP010010009425,,,,
,sarasvati nishdl,F,57,H,krishnamurti,64,4,Purushottapuram,000000000000,,,,
,uma nishdl,F,32,H,balaje,65,4,Purushottapuram,000000000000,,,,
,dhanpan boddamma,F,37,H,dillirao,71,4,Purushottapuram,AP010010000000,,,,
,neelamma danpan,F,57,H,tarinayya,70,4,Purushottapuram,000000000000,,,,
,ramanamma kormati,F,60,H,harikrishna,74,4,Purushottapuram,AP010010009454,,,,
,lakshmi bagen,F,32,H,santharam,81,4,Purushottapuram,000000000000,,,,
,padmavathi nandiga,F,57,H,mohanarao,84,4,Purushottapuram,AP010010000000,,,,
,vijaya nandiga,F,26,H,mohanarao,85,4,Purushottapuram,AP010010000000,,,,
,prameela nandiga,F,32,H,sankar,83,4,Purushottapuram,AP010010000000,,,,
,venkamma suggu,F,37,H,gopal,98,4,Purushottapuram,AP010010000000,,,,
,damayanthi gali,F,45,H,chinnaiah,97,4,Purushottapuram,000000000000,,,,
,kuramma pitta,F,55,H,guraiah,101,4,Purushottapuram,000000000000,,,,
,tejamma pitta,F,25,H,guraiah,100,4,Purushottapuram,000000000000,,,,
,mahalakshmi lakshmireddy,F,52,H,bmaravu,105,4,Purushottapuram,000000000000,,,,
,chandrakala dupam,F,25,H,badhraiahswamy,108,4,Purushottapuram,AP010010000000,,,,
,suggu jaggamma,F,50,H,appanna,110,4,Purushottapuram,AP010010000000,,,,
,lakshmidupan,F,19,H,ananda,115,4,Purushottapuram,AP010010000000,,,,
,lakshmi suggu,F,25,H,appanna,114,4,Purushottapuram,AP010010009457,,,,
,baanumati suggu,F,30,H,duryodan,113,4,Purushottapuram,000000000000,,,,
,nilandri dasu,F,27,H,narayanadasu,119,4,Purushottapuram,AP010010000000,,,,
,g.jayanthi,F,50,H,janardhanarao,121,4,Purushottapuram,AP010010000000,,,,
,damayanthi dasu,F,52,H,kellodas,118,4,Purushottapuram,AP010010000000,,,,
,panpan vimala,F,28,H,tejeswarareddy,133,4,Purushottapuram,AP010010000000,,,,
,panpan lakshmi,F,25,F,dandasi,132,4,Purushottapuram,AP010010000000,,,,
,chinnamma beena,F,42,H,janakraou,130,4,Purushottapuram,000000000000,,,,
,ashod chilakala pudi,F,37,H,janardanachari,128,4,Purushottapuram,AP010010000000,,,,
,johnykamma panpan,F,43,H,raghunaad,131,4,Purushottapuram,000000000000,,,,
,jaggamma palepu,F,45,H,dandasi,136,4,Purushottapuram,000000000000,,,,
,panpan padamavathi,F,21,F,dandasi,134,4,Purushottapuram,AP010010000000,,,,
,accemma sadi,F,47,H,sanyasi,147,4,Purushottapuram,000000000000,,,,
,chinnamahalakshmi krotta,F,27,H,darmarao,154,4,Purushottapuram,000000000000,,,,
,mahalakshmi krotta,F,57,H,venkatasvaami,156,4,Purushottapuram,000000000000,,,,
,kundanamma danpan,F,65,H,guraiah,160,4,Purushottapuram,000000000000,,,,
,kamala neyyila,F,62,H,arjuna,162,4,Purushottapuram,AP010010009446,,,,
,lakshmikantam kattula,F,62,H,jagannadam,170,4,Purushottapuram,000000000000,,,,
,panapana papamma,F,40,H,jaganadham,174,4,Purushottapuram,AP010010000000,,,,
,gowri raulo,F,19,F,dandasi,179,4,Purushottapuram,AP010010000000,,,,
,sumathi,F,20,H,ganesh,183,4,Purushottapuram,AP010010000000,,,,
,savitri raulo,F,20,F,dandasi,178,4,Purushottapuram,AP010010000000,,,,
,chilakamma gali,F,40,H,mamaiah,186,4,Purushottapuram,AP010010000000,,,,
,kundanamma gali,F,25,H,ramulu i,187,4,Purushottapuram,AP010010000000,,,,
,sarasvati,F,57,H,narayana,189,4,Purushottapuram,000000000000,,,,
,hemalatha raulo,F,18,F,bairagi,190,4,Purushottapuram,AP010010000000,,,,
,seetamma katil,F,57,H,puroshottam,195,4,Purushottapuram,000000000000,,,,
,sunitha subuddi,F,25,F,raghunadh,193,4,Purushottapuram,AP010010000000,,,,
,danalaxmi kuna,F,28,F,aadinarayana,198,4,Purushottapuram,AP010010000000,,,,
,b.chilakamma,F,50,H,chinnaiah,203,4,Purushottapuram,AP010010000000,,,,
,girija,F,23,H,balavan singh,202,4,Purushottapuram,AP010010000000,,,,
,b.hindumati,F,23,H,dillirao,204,4,Purushottapuram,AP010010000000,,,,
,rada danpan,F,40,H,bangaramma komtala,205,4,Purushottapuram,AP010010000000,,,,
,vaddin devi,F,18,F,jaggarao,207,4,Purushottapuram,AP010010000000,,,,
,uppad ratnalu,F,25,H,krashnamurti,209,4,Purushottapuram,AP010010000000,,,,
,balaga rammakomtala,F,37,H,dalayya,211,4,Purushottapuram,000000000000,,,,
,chittimma suggu,F,52,H,vallabraou,213,4,Purushottapuram,000000000000,,,,
,bangaramma komtala,F,40,H,dalayya,212,4,Purushottapuram,AP010010000000,,,,
,chandramma vulasi,F,25,H,sundararao,215,4,Purushottapuram,000000000000,,,,
,bhanumathi vulasi,F,29,H,mashani,216,4,Purushottapuram,AP010010000000,,,,
,a.ambaji,F,25,H,venkatarao,223,4,Purushottapuram,AP010010000000,,,,
,gauramma nandiki,F,52,H,gopalu,224,4,Purushottapuram,000000000000,,,,
,kantamma nandiki,F,62,H,tataiah,221,4,Purushottapuram,000000000000,,,,
,karremma nandiki,F,67,H,mashani,227,4,Purushottapuram,000000000000,,,,
,v.k.chandravathi,F,22,H,satyanarayana,232,4,Purushottapuram,AP010010000000,,,,
,muthyalu danpan,F,35,H,gangaiah,237,4,Purushottapuram,000000000000,,,,
,lakshmamma suggu,F,62,H,kurumaiah,234,4,Purushottapuram,000000000000,,,,
,seetamma danpan,F,65,H,polaiah,235,4,Purushottapuram,000000000000,,,,
,erremma suggu,F,35,H,duryodan,233,4,Purushottapuram,000000000000,,,,
,lakshmi ponnaganti,F,39,H,pitambaru,238,4,Purushottapuram,000000000000,,,,
,jammamma pappala,F,47,H,chandraiah,242,4,Purushottapuram,000000000000,,,,
,mahalakshmi danpan,F,62,H,chinnaiah,244,4,Purushottapuram,000000000000,,,,
,chinamma pappula,F,18,H,balaraju,241,4,Purushottapuram,AP010010000000,,,,
,thulasamma duvvu,F,27,H,rajarao,250,4,Purushottapuram,000000000000,,,,
,chandravati vulasi,F,42,H,lingaraju,249,4,Purushottapuram,000000000000,,,,
,sarasvati vulasi,F,37,H,gopal,248,4,Purushottapuram,AP010010000000,,,,
WIO0205476,damayanthi telukula,F,47,H,dunna sahu,142,4,Purushottapuram,AP010010000000,S01,65,111,Y
XBO2884583,dharma sheila devi,F,30,H,devendar singh,22,4,Purushottapuram,AP010010000000,S01,24,111,Y
RBV0260687,bharathi neelagiri,F,19,F,narayana rao,9,4,Purushottapuram,AP010010000000,S01,150,125,Y
RBV1023886,rajakumari danpan,F,22,F,appanna,3,4,Purushottapuram,AP010010000000,S01,150,125,Y
RBV1023902,kavit neelagiri,F,21,F,purnachandra,8,4,Purushottapuram,AP010010000000,S01,150,125,Y
SVF5599071,eswari patnana,F,32,H,appalachari,66,4,Purushottapuram,000000000000,S10,174,175,Y
XRR1947852,tulamma nandiki,F,20,F,laxminarayana,218,4,Purushottapuram,AP010010000000,S10,153,184,Y
SVF5575220,danpan aadilakshmi,F,20,H,bangasvami,25,4,Purushottapuram,AP010010000000,S10,174,187,Y
ACK1899384,jagamma,F,18,F,appanna,184,4,Purushottapuram,AP010010000000,S01,23,210,Y
BGY7719289,naga ratnam gudla,F,50,H,jagannadha rao,19,4,Purushottapuram,AP010010000000,S01,21,217,Y
NDX3013687,danalaxmi suggu,F,19,H,srinivasarao,214,4,Purushottapuram,AP010010000000,S01,94,218,Y
RYZ0224436,prameela gali,F,21,H,narayana,6,4,Purushottapuram,AP010010000000,S01,4,224,Y
WJU3270741,papamma katil,F,47,H,nookaiah,146,4,Purushottapuram,AP010010000000,S01,25,288,Y
SVF1120120,pullas lakshmi bahrani,F,20,H,ullas kumar,125,4,Purushottapuram,AP010010000000,S10,174,299,Y
ZUI7254097,padma katil,F,25,H,nookaiah,145,4,Purushottapuram,AP010010000000,S10,160,36,Y
KZZ0660126,pathan kurmamma,F,25,H,ariboya,161,4,Purushottapuram,AP010010000000,S01,1,4,Y
KZZ0660134,savitri ponnaganti,F,36,H,lingaraju,106,4,Purushottapuram,,S01,1,4,Y
KZZ0660233,sukati bahrani,F,51,H,chandrasekhar,7,4,Purushottapuram,AP010010000000,S01,1,4,Y
KZZ0660332,mohini uppada,F,27,H,nageswararao,62,4,Purushottapuram,000000000000,S01,1,4,Y
KZZ0660340,janakamma ambati,F,42,H,balaje,79,4,Purushottapuram,000000000000,S01,1,4,Y
KZZ0660357,jamma neyyila,F,30,H,nakul,163,4,Purushottapuram,000000000000,S01,1,4,Y
KZZ0660449,eswari gali,F,25,H,krishnarao,201,4,Purushottapuram,000000000000,S01,1,4,Y
KZZ0660613,shobarani vadden,F,37,H,jogarao,206,4,Purushottapuram,000000000000,S01,1,4,Y
KZZ0660639,gavaramma krotta,F,25,H,krishna,155,4,Purushottapuram,000000000000,S01,1,4,Y
KZZ0660647,ramanamma anapan,F,28,H,ganesh,173,4,Purushottapuram,000000000000,S01,1,4,Y
KZZ0660688,lakshmamma anapan,F,37,H,ketrayyareddi,93,4,Purushottapuram,AP010010000000,S01,1,4,Y
KZZ0660779,pappula savitri,F,30,H,duryodhana,240,4,Purushottapuram,AP010010000000,S01,1,4,Y
KZZ0660837,suggu savitri,F,40,H,lakshmi narayana,16,4,Purushottapuram,AP010010000000,S01,1,4,Y
KZZ0661108,johnykamma gali,F,39,H,boosareddi,126,4,Purushottapuram,AP010010000000,S01,1,4,Y
KZZ0661116,kunni sahu,F,32,H,subas,127,4,Purushottapuram,000000000000,S01,1,4,Y
KZZ0661157,danpan jyothi,F,26,H,kakoji reddy,199,4,Purushottapuram,AP010010000000,S01,1,4,Y
KZZ0661264,jayalakshmi katil,F,25,H,jogarao,196,4,Purushottapuram,AP010010000000,S01,1,4,Y
KZZ0661306,janakamma danpan,F,43,H,pitambaran,159,4,Purushottapuram,000000000000,S01,1,4,Y
KZZ0661330,chinna kantamma nandiki,F,33,H,chintamani,220,4,Purushottapuram,000000000000,S01,1,4,Y
KZZ0661355,gali jammamma,F,30,H,kanakaiah,48,4,Purushottapuram,AP010010000000,S01,1,4,Y
KZZ0661496,durgamma dukka,F,42,H,dudishti,123,4,Purushottapuram,000000000000,S01,1,4,Y
KZZ0661546,saritha saggu,F,22,H,kamesh,111,4,Purushottapuram,AP010010000000,S01,1,4,Y
KZZ0661611,ratma uppadu,F,32,H,krishnamurti,208,4,Purushottapuram,AP010010000000,S01,1,4,Y
KZZ0661660,lolamma anapan,F,37,H,kurmarao,124,4,Purushottapuram,AP010010000000,S01,1,4,Y
KZZ0661710,rohini vaddin,F,32,H,venkatareddi,94,4,Purushottapuram,AP010010000000,S01,1,4,Y
KZZ0661751,kalavathi kuppanna,F,62,H,gopalarao,89,4,Purushottapuram,AP010010000000,S01,1,4,Y
KZZ0662155,ramalu nandiki,F,33,H,tumbanadham,222,4,Purushottapuram,000000000000,S01,1,4,Y
KZZ0662171,bangaramma suggu,F,49,H,trinadh reddy,109,4,Purushottapuram,AP010010000000,S01,1,4,Y
KZZ0662205,danpan gopamma,F,22,H,somaiah,200,4,Purushottapuram,AP010010000000,S01,1,4,Y
KZZ0662270,nandiki asharani,F,21,H,mohanarao,225,4,Purushottapuram,AP010010000000,S01,1,4,Y
KZZ0662288,janakamma nandiki,F,20,F,ramarao,219,4,Purushottapuram,AP010010000000,S01,1,4,Y
KZZ1940071,neyyila danalakshmi,F,20,H,mohanarao,41,4,Purushottapuram,AP010010000000,S01,1,4,Y
KZZ1940121,loya pushpalatha,F,30,H,apparao,29,4,Purushottapuram,AP010010000000,S01,1,4,Y
KZZ1940154,sanyasamma danpan,F,30,H,pakiru,120,4,Purushottapuram,000000000000,S01,1,4,Y
KZZ1940204,thulasamma reddy,F,25,H,gopalu,139,4,Purushottapuram,000000000000,S01,1,4,Y
KZZ1940766,padamavathi gali,F,26,H,bairagi reddy,47,4,Purushottapuram,000000000000,S01,1,4,Y
KZZ1940832,kormati bhu amma,F,35,H,anandareddy,75,4,Purushottapuram,AP010010000000,S01,1,4,Y
KZZ1940857,durgamma,F,40,H,jaganadham,180,4,Purushottapuram,AP010010000000,S01,1,4,Y
KZZ2084051,narsamma ponnaganti,F,18,F,pitamburu,239,4,Purushottapuram,AP010010000000,S01,1,4,Y
KZZ2084077,triveni danpan,F,25,H,dalayya,247,4,Purushottapuram,AP010010000000,S01,1,4,Y
KZZ2084762,gunnamma buttepu,F,62,H,somaiah,78,4,Purushottapuram,000000000000,S01,1,4,Y
KZZ2084820,lakshmidevi ambati,F,37,H,jagannadam,92,4,Purushottapuram,AP010010000000,S01,1,4,Y
KZZ2084838,damayanthi nakka,F,32,H,premaiah,96,4,Purushottapuram,000000000000,S01,1,4,Y
KZZ2084846,jayamma pitta,F,32,H,guraiah,99,4,Purushottapuram,000000000000,S01,1,4,Y
KZZ2084861,kanchana pitta,F,26,F,guraiah,1,4,Purushottapuram,AP010010000000,S01,1,4,Y
KZZ2084945,sundaramma reddy,F,25,H,raajaiah,140,4,Purushottapuram,AP010010000000,S01,1,4,Y
KZZ2084994,thulasamma sadi,F,29,H,venkataramana,148,4,Purushottapuram,000000000000,S01,1,4,Y
KZZ2085017,dalamma anapan,F,57,H,mohanarao,151,4,Purushottapuram,AP010010000000,S01,1,4,Y
KZZ2085025,parvathi anapan,F,20,H,puroshottam,152,4,Purushottapuram,AP010010000000,S01,1,4,Y
KZZ2085082,meena kumari katini,F,18,H,mashani,197,4,Purushottapuram,AP010010000000,S01,1,4,Y
KZZ2863843,damayanthi suggu,F,33,H,shyambaabu,67,4,Purushottapuram,AP010010009455,S01,1,4,Y
KZZ2864536,neyyila padma,F,18,H,kodanda,69,4,Purushottapuram,AP010010000000,S01,1,4,Y
KZZ2864726,uppadu tulasi,F,20,H,janakirao,77,4,Purushottapuram,AP010010000000,S01,1,4,Y
LPV8774796,danpan gangamma,F,50,H,aappanna,117,4,Purushottapuram,AP010010000000,S01,1,4,Y
TBG0019042,lingamma dukka,F,37,H,domburu,157,4,Purushottapuram,000000000000,S01,1,4,Y
TBG0348037,suggu prabha,F,35,H,dharmarao,32,4,Purushottapuram,AP010010000000,S01,1,4,Y
TBG0348193,jogamma danpan,F,41,H,ellaiah,210,4,Purushottapuram,000000000000,S01,1,4,Y
TBG0529826,lakshmi raulo,F,42,H,bairagi,188,4,Purushottapuram,000000000000,S01,1,4,Y
TBG0613885,devaki buddedu,F,32,H,duryodan,50,4,Purushottapuram,000000000000,S01,1,4,Y
TBG0613919,padma pondara,F,38,H,raju,169,4,Purushottapuram,000000000000,S01,1,4,Y
TBG0662700,neyyila chinnamma,F,25,H,narsimharao,21,4,Purushottapuram,AP010010000000,S01,1,4,Y
TBG0663112,kuppili chandramma,F,25,H,koteshwararao,27,4,Purushottapuram,AP010010000000,S01,1,4,Y
TBG0758435,latha telukala,F,20,H,purna chandra sahu,144,4,Purushottapuram,AP010010000000,S01,1,4,Y
TBG0856080,gheetharani suggu,F,28,H,premakumar,112,4,Purushottapuram,AP010010009453,S01,1,4,Y
TBG0919656,suseela subuddi,F,50,H,raghunadh,192,4,Purushottapuram,AP010010000000,S01,1,4,Y
TBG0970369,janakamma suggu,F,37,H,santaravu,231,4,Purushottapuram,AP010010000000,S01,1,4,Y
TBG1041847,neyyila durga,F,19,H,joggaravu,68,4,Purushottapuram,AP010010000000,S01,1,4,Y
TBG1042233,kamalamma nandiki,F,42,H,babaiah,230,4,Purushottapuram,000000000000,S01,1,4,Y
TBG1044023,devaki crowtta,F,37,H,kedari,87,4,Purushottapuram,000000000000,S01,1,4,Y
TBG1136531,seetamma ashi,F,37,H,bhagavan,150,4,Purushottapuram,AP010010000000,S01,1,4,Y
TBG1136556,mani dabbiru,F,27,H,shuresh,56,4,Purushottapuram,000000000000,S01,1,4,Y
TBG1136564,syamala chilakala pudi,F,42,H,aadinarayana achari,129,4,Purushottapuram,AP010010000000,S01,1,4,Y
TBG1145599,parvatamma dupan,F,62,H,badhraiah swamy,107,4,Purushottapuram,AP010010000000,S01,1,4,Y
TBG1145607,kamala duapan,F,32,H,parvateesam,181,4,Purushottapuram,000000000000,S01,1,4,Y
TBG1155606,narmada telukula,F,25,H,murali,143,4,Purushottapuram,000000000000,S01,1,4,Y
TBG1229062,tarinamma nandiki,F,25,H,mashani,229,4,Purushottapuram,000000000000,S01,1,4,Y
TBG1229138,mohini sahu bangaru badi,F,42,H,chakrapani,82,4,Purushottapuram,AP010010000000,S01,1,4,Y
TBG1284058,shibra beharani,F,29,H,sankar,103,4,Purushottapuram,000000000000,S01,1,4,Y
TBG1284074,shukla beharani,F,32,H,sankar,102,4,Purushottapuram,000000000000,S01,1,4,Y
TBG1286492,lolamma paila,F,32,H,jaggaiah,158,4,Purushottapuram,000000000000,S01,1,4,Y
TBG1295535,annapuarna danpan,F,39,H,rushayya,236,4,Purushottapuram,000000000000,S01,1,4,Y
TBG1627769,rajamma anapan,F,37,H,jogulu,176,4,Purushottapuram,000000000000,S01,1,4,Y
TBG1835388,janaki nandiki,F,32,H,ramarao,226,4,Purushottapuram,000000000000,S01,1,4,Y
TBG1854389,rajamma pappala,F,35,H,pitambaru,53,4,Purushottapuram,AP010010009232,S01,1,4,Y
TBG1854413,narayanamma danpan,F,37,H,dhilleshu rao,72,4,Purushottapuram,AP010010009452,S01,1,4,Y
TBG1854421,ranemma danpan,F,25,H,trinadh,73,4,Purushottapuram,AP010010000000,S01,1,4,Y
TBG1854447,vimalavati jeeru,F,34,H,kamesu,76,4,Purushottapuram,000000000000,S01,1,4,Y
TBG1854462,punnamma ashi,F,47,H,krishanamurthy,80,4,Purushottapuram,000000000000,S01,1,4,Y
TBG1854470,sakuntala pondara,F,32,H,raju,167,4,Purushottapuram,000000000000,S01,1,4,Y
TBG1854520,gunnamma suggu,F,31,H,chandraiah,86,4,Purushottapuram,000000000000,S01,1,4,Y
TBG1854538,santha pitta,F,35,H,dinabandu,90,4,Purushottapuram,000000000000,S01,1,4,Y
TBG1854546,damayanthi anapan,F,35,H,danaiah,194,4,Purushottapuram,000000000000,S01,1,4,Y
TBG1854595,sayamma kupieli,F,45,H,gopalu,95,4,Purushottapuram,000000000000,S01,1,4,Y
TBG1854603,urmila pallapothula,F,47,H,sudarsanarao,165,4,Purushottapuram,000000000000,S01,1,4,Y
TBG1854694,meenakshi danpan,F,42,H,satyanarayana,164,4,Purushottapuram,000000000000,S01,1,4,Y
TBG1854702,urvashi danpan,F,37,H,narayana,135,4,Purushottapuram,000000000000,S01,1,4,Y
TBG1854710,chandramma reddy,F,57,H,raajaiah,138,4,Purushottapuram,000000000000,S01,1,4,Y
TBG1854736,kasturi chilakalapudi,F,36,H,sahdeo,141,4,Purushottapuram,AP010010000000,S01,1,4,Y
TBG1854777,ramalu sadi,F,37,H,kuramayya,153,4,Purushottapuram,AP010010000000,S01,1,4,Y
TBG1854835,revathi pondara,F,32,H,siva,168,4,Purushottapuram,000000000000,S01,1,4,Y
TBG1854868,roja kattula,F,32,H,sankararao,171,4,Purushottapuram,000000000000,S01,1,4,Y
TBG1854884,kantamma anapan,F,28,H,kumar,172,4,Purushottapuram,AP010010009458,S01,1,4,Y
TBG1854918,parvathi raulo,F,42,H,dandasi,177,4,Purushottapuram,000000000000,S01,1,4,Y
TBG1854991,neelavenidanapana,F,32,H,jagannadam,243,4,Purushottapuram,000000000000,S01,1,4,Y
TBG1855014,uma danpan,F,38,H,chandraiah,245,4,Purushottapuram,000000000000,S01,1,4,Y
TBG1855022,subbalakshmi danpan,F,29,H,balaraju,246,4,Purushottapuram,000000000000,S01,1,4,Y
TBG1859008,chandramma suggu,F,57,H,balaje,91,4,Purushottapuram,000000000000,S01,1,4,Y
TBG1859099,gangamma gali,F,57,H,tulasayya reddy,46,4,Purushottapuram,000000000000,S01,1,4,Y
TBG2337327,lakshmi lakshmireddy,F,32,H,ramu,104,4,Purushottapuram,AP010010009461,S01,1,4,Y
TBG2350866,maleshwary dupam,F,35,H,nagabushanam,116,4,Purushottapuram,AP010010000000,S01,1,4,Y
TBG2365856,mohini panapana,F,19,H,chandraiah,175,4,Purushottapuram,AP010010000000,S01,1,4,Y
TBG2750909,savitri dunna,F,31,H,delhirao,185,4,Purushottapuram,,S01,1,4,Y
XUL3127859,nirmala uppada,F,26,H,raajaiah,63,4,Purushottapuram,AP010010000000,S10,176,477,Y
TBG0859985,vidyadevi shukla,F,35,H,aruna kumar,217,4,Purushottapuram,AP010010000000,S01,1,49,Y
YER2302917,shobhapalepu,F,20,F,dandasi,137,4,Purushottapuram,AP010010000000,S10,176,494,Y
KZZ0660563,aadilakshmi danpan,F,48,H,masani,11,4,Purushottapuram,AP010010000000,S01,1,5,Y
KZZ0662312,jayalakshmi ponniganti,F,22,H,laxminarayana,12,4,Purushottapuram,AP010010000000,S01,1,5,Y
KZZ2084440,suguna dabbiru,F,43,H,venkataramana,10,4,Purushottapuram,AP010010000000,S01,1,5,Y
KZZ2084739,savarasi saivani,F,25,H,ramarao,36,4,Purushottapuram,AP010010000000,S01,1,5,Y
TBG1155622,sarada bundaru,F,20,H,srinu,43,4,Purushottapuram,AP010010000000,S01,1,5,Y
TBG1571454,nagamani kuppanna,F,35,H,satyarao,88,4,Purushottapuram,AP010010000000,S01,1,5,Y
TBG1687904,sarasvati palla pothala,F,20,H,suryanarain,166,4,Purushottapuram,AP010010000000,S01,1,5,Y
TBG1861715,devamma nandiki,F,42,H,mashani,228,4,Purushottapuram,000000000000,S01,1,5,Y
TBG1881002,meenakshi bundaru,F,50,H,chandrasekhar,42,4,Purushottapuram,AP010010000000,S01,1,5,Y
ACK9550808,venkataratnam behara,F,27,H,venkataramana,191,4,Purushottapuram,000000000000,S01,23,56,Y
YER1680974,manoramma sattuna,F,24,H,narshang,18,4,Purushottapuram,AP010010000000,S10,176,566,Y
YER8084626,kala suggu,F,40,H,thirupathi,182,4,Purushottapuram,AP010010000000,S10,176,582,Y
XTE5364088,gowri sadi,F,22,F,sanyasi reddy,149,4,Purushottapuram,AP010010000000,S10,150,63,Y
KZZ1941590,g.roja,F,18,F,janardhanrao,122,4,Purushottapuram,AP010010000000,S01,1,7,Y
XTE1190263,jadangi pushpavati,F,35,H,dondarao,23,4,Purushottapuram,AP010010000000,S10,150,73,Y
