epic,name,gender,age,relation,relative,old_part,old_serial,old_part_name,marked_by_blo
KZZ1941608,gopalarao salina,M,31,F,bucchaiah,5,10,Aminsahebpeta,Y
KZZ2088151,parvathi manyala,F,28,H,murali,5,1005,Aminsahebpeta,Y
KZZ2088268,murali manyala,M,32,F,baiahnna,5,1009,Aminsahebpeta,Y
KZZ2089324,kanakamma pitta,F,41,H,trinadh,5,1015,Aminsahebpeta,Y
TBG1882166,janaki pitta,F,33,H,ramarao,5,1017,Aminsahebpeta,Y
KZZ2093375,suseela banisetti,F,28,H,srinivas,5,1033,Aminsahebpeta,Y
KZZ2865608,srinivas banisetti,M,34,F,sathyam,5,1034,Aminsahebpeta,Y
TBG0346106,punnalu salina,M,58,F,gunnaiah,5,105,Aminsahebpeta,Y
KZZ2865624,salina gopal,M,24,F,papaaiah,5,1061,Aminsahebpeta,Y
KZZ2093508,salina kamamma,F,19,H,gopal,5,1062,Aminsahebpeta,Y
KZZ2865632,salina chiranjeevulu,M,20,F,papaaiah,5,1063,Aminsahebpeta,Y
TBG2537561,aadinarayana salina,M,31,F,gunnaiah,5,108,Aminsahebpeta,Y
KZZ2088961,balaram manyala,M,31,M,paramma,5,11,Aminsahebpeta,Y
KZZ2088862,hemakumar yalamanchi,M,19,F,tukaram,5,111,Aminsahebpeta,Y
KZZ1941384,salina punnalu,F,28,H,punnalu,5,1110,Aminsahebpeta,Y
KZZ2088706,lakshmamma manyala,F,20,H,deenayya,5,116,Aminsahebpeta,Y
KZZ2088045,dillamma manyala,F,61,H,tataiah,5,118,Aminsahebpeta,Y
KZZ2089407,bairagi salina,M,28,F,ellaiah,5,12,Aminsahebpeta,Y
KZZ2088656,durgamma manyala,F,34,H,bucchaiah,5,120,Aminsahebpeta,Y
TBG1881184,salina kurmayya,M,64,F,narayudu,5,121,Aminsahebpeta,Y
KZZ2088664,appalamma salina,F,61,H,kurmayya,5,122,Aminsahebpeta,Y
TBG0765026,sankar salina,M,19,F,kurmayya,5,124,Aminsahebpeta,Y
TBG1881192,salina jogaiah,M,51,F,narayudu,5,126,Aminsahebpeta,Y
KZZ2088680,punnalu salina,F,46,H,jogaiah,5,127,Aminsahebpeta,Y
TBG0862780,jitendrakumar sahu,M,35,F,satyavvathesahu,5,128,Aminsahebpeta,Y
KZZ2090827,bagyam behara,F,28,H,mouli,5,14,Aminsahebpeta,Y
KZZ1941665,maddila chinnaiah,M,30,F,jaggaiah,5,155,Aminsahebpeta,Y
KZZ0670208,jyothi konigol,F,31,H,gopalu,5,18,Aminsahebpeta,Y
KZZ2091312,neyyila bharathi,F,20,F,bhaskararao,5,182,Aminsahebpeta,Y
KZZ2091726,gopalu konigolu,M,42,F,raghunadhan,5,19,Aminsahebpeta,Y
KZZ2091734,gangaiah korikani,M,31,F,tumbanadham,5,20,Aminsahebpeta,Y
KZZ2091742,kamaiah korikani,M,36,F,tumbanadham,5,21,Aminsahebpeta,Y
TBG0563361,salina neelamma,F,34,H,kamaiah,5,212,Aminsahebpeta,Y
KZZ2091759,dillamma korikani,F,31,H,kamaiah,5,22,Aminsahebpeta,Y
TBG1830785,chiranjeevi nartu,M,30,F,appaiah,5,23,Aminsahebpeta,Y
TBG0082578,vamjarana chandravati,F,19,F,ramudu,5,233,Aminsahebpeta,Y
KZZ2088631,simmaiah middili,M,34,F,jaggaiah,5,25,Aminsahebpeta,Y
TBG1155994,vasudevaravu solin,M,30,F,emdayya,5,252,Aminsahebpeta,Y
KZZ2090322,salina savitri,F,20,H,vasudevaravu,5,255,Aminsahebpeta,Y
KZZ2092534,veeramma maddili,F,29,H,simmaiah,5,26,Aminsahebpeta,Y
KZZ2091239,bhulakshmi pitta,F,43,H,dalayya,5,263,Aminsahebpeta,Y
KZZ2090355,salina jaggaiah,M,20,F,kuramayya,5,267,Aminsahebpeta,Y
TBG0527150,salina lakshmi,F,19,H,jaggaiah,5,268,Aminsahebpeta,Y
KZZ2088441,narayana korikani,M,29,F,janikirao,5,27,Aminsahebpeta,Y
TBG1881861,matta shriramulu,M,36,F,meenaiah,5,301,Aminsahebpeta,Y
TBG1881879,matta mahalakshmi,F,31,H,shriramulu,5,302,Aminsahebpeta,Y
TBG1881887,matta domburamma,F,56,H,chandraiah,5,303,Aminsahebpeta,Y
KZZ2089167,manyala varalakshmi,F,23,H,tejeswararao,5,306,Aminsahebpeta,Y
TBG1881903,manyala tejeswararao,M,31,F,bankeyya,5,309,Aminsahebpeta,Y
KZZ1941111,salina venkatamma,F,54,H,chandraiah,5,314,Aminsahebpeta,Y
TBG1881911,salina chandramma,F,63,H,venkaiah,5,317,Aminsahebpeta,Y
TBG1882067,salina delhirao,M,34,F,venkaiah,5,318,Aminsahebpeta,Y
TBG1882059,salina durgaiah,M,36,F,venkaiah,5,319,Aminsahebpeta,Y
KZZ2090462,salina nukalamma,F,32,H,durgaiah,5,320,Aminsahebpeta,Y
KZZ2089571,salina,F,29,H,dillirao,5,323,Aminsahebpeta,Y
KZZ2864940,saleen durgamma,F,21,H,kamesu,5,324,Aminsahebpeta,Y
KZZ2090496,durgasi dalayya,M,48,F,balaje,5,325,Aminsahebpeta,Y
TBG1881929,durgasi tarinamma,F,41,H,dalayya,5,326,Aminsahebpeta,Y
TBG1881945,durgasi yadavayya,M,54,F,koyirayya,5,330,Aminsahebpeta,Y
KZZ1941913,durgasi seetamma,F,51,H,yadavayya,5,331,Aminsahebpeta,Y
KZZ1941624,korikana lakshmi,F,27,H,devaiah,5,333,Aminsahebpeta,Y
KZZ1941541,durgasi dalayya,M,31,F,koyirayya,5,334,Aminsahebpeta,Y
TBG0458612,durgasi tulasayya,M,18,F,chandraiah,5,335,Aminsahebpeta,Y
KZZ1941939,durgasi kumari,F,27,H,dalayya,5,336,Aminsahebpeta,Y
KZZ1941616,salina jaggarao,M,26,F,bucchaiah,5,339,Aminsahebpeta,Y
KZZ2091973,salina tulasayya,M,51,F,emdayya,5,340,Aminsahebpeta,Y
TBG1881952,salina vajram,F,44,H,tulasayya,5,341,Aminsahebpeta,Y
KZZ2864965,salina narasamma,F,58,F,chinnaiah,5,343,Aminsahebpeta,Y
KZZ1941335,salina mamaiah,M,36,F,chinnaiah,5,344,Aminsahebpeta,Y
KZZ1941707,salina delhirao,M,32,F,chinnaiah,5,345,Aminsahebpeta,Y
KZZ1941509,salina shankaru,M,24,F,chinnaiah,5,347,Aminsahebpeta,Y
KZZ2090538,salina jyothi,F,27,H,dillirao,5,348,Aminsahebpeta,Y
KZZ1941517,salina krishnamohan,M,26,F,chinnaiah,5,349,Aminsahebpeta,Y
TBG0662411,salina neelamma,F,44,H,bucchaiah,5,350,Aminsahebpeta,Y
KZZ1941558,salina bucchaiah,M,51,F,babaiah,5,351,Aminsahebpeta,Y
TBG1337675,datti bhagyarathi,M,19,F,kurrayya s,5,354,Aminsahebpeta,Y
KZZ2865335,datti kuraiah,M,64,F,bairagi,5,356,Aminsahebpeta,Y
TBG1881960,datti kalamma,F,51,H,kuraiah,5,357,Aminsahebpeta,Y
KZZ2090553,maddila madaiah,M,30,F,venkatasvaami s,5,361,Aminsahebpeta,Y
KZZ2089365,maddila gangamma,F,25,H,madaiah s,5,362,Aminsahebpeta,Y
KZZ2089357,pirrala dillesu,M,36,F,efuno,5,363,Aminsahebpeta,Y
TBG1881978,pirrala kedari,F,31,H,dhillesu,5,364,Aminsahebpeta,Y
KZZ1941822,vamjarana chinnalu,F,39,H,kuraiah,5,369,Aminsahebpeta,Y
TBG1881986,vamjarana kuraiah,M,51,F,babaiah,5,370,Aminsahebpeta,Y
TBG1045054,salina nukamma,F,41,H,madaiah,5,372,Aminsahebpeta,Y
TBG1881994,vamjarana kamaiah,M,33,F,babaiah,5,379,Aminsahebpeta,Y
TBG0763756,satyannarayana,M,40,F,,5,38,Aminsahebpeta,Y
KZZ2089548,vamjarana nagamma,F,29,H,kamaiah,5,380,Aminsahebpeta,Y
KZZ2090611,vamjarana mamaiah,M,31,F,babaiah,5,381,Aminsahebpeta,Y
KZZ2089027,vamjarana sarasammu,F,27,H,mamaiah,5,382,Aminsahebpeta,Y
KZZ2090629,vamjarana polaiah,M,25,F,babaiah,5,383,Aminsahebpeta,Y
KZZ2090637,vamjarana kantharao,M,20,F,babaiah,5,384,Aminsahebpeta,Y
TBG0614040,vamjarana savitri,F,19,H,polaiah,5,385,Aminsahebpeta,Y
TBG1881168,salina sarasvati,F,33,H,jangamaiah,5,388,Aminsahebpeta,Y
KZZ1941806,salina bucchamma,F,38,H,bairagi,5,390,Aminsahebpeta,Y
KZZ2090660,gusiri kantamma,F,70,H,krishnaiah,5,391,Aminsahebpeta,Y
TBG1881093,gusiri chinnababu,M,37,F,krishnaiah,5,392,Aminsahebpeta,Y
TBG1882018,vamjarana madaiah,M,56,F,tataiah,5,394,Aminsahebpeta,Y
TBG1882000,vamjarana lakshmamma,F,44,H,madaiah,5,395,Aminsahebpeta,Y
KZZ2089142,salina neelamma,F,21,H,kesavararao,5,396,Aminsahebpeta,Y
KZZ2865004,salina domburu,M,18,F,chalamaiah,5,397,Aminsahebpeta,Y
KZZ1941525,srinivas durgasi,M,30,F,dalayya,5,4,Aminsahebpeta,Y
TBG1882034,neyyila bhaskararao,M,31,F,thrinadha,5,403,Aminsahebpeta,Y
KZZ2090728,neyyal ramanamma,F,25,H,baskararao,5,405,Aminsahebpeta,Y
KZZ2865020,salina janakirao,M,19,F,ellaiah s,5,406,Aminsahebpeta,Y
KZZ1941012,salina ellaiah,F,71,H,emdayya,5,407,Aminsahebpeta,Y
KZZ1941699,salina karremma,F,31,H,ellaiah,5,408,Aminsahebpeta,Y
KZZ1941640,salina bairamma,F,61,H,ellaiah,5,409,Aminsahebpeta,Y
TBG1882422,muthyalamma chinni,F,41,H,mohanarao,5,41,Aminsahebpeta,Y
KZZ1941657,salina lakshmaiah,M,61,F,emdayya,5,410,Aminsahebpeta,Y
KZZ1941673,salina dalamma,F,51,H,lakshmaiah,5,411,Aminsahebpeta,Y
KZZ2088854,salina dillirao,M,28,F,,5,412,Aminsahebpeta,Y
TBG1136242,salina umapathi,M,19,F,lakshmaiah s,5,413,Aminsahebpeta,Y
KZZ2865038,salina gangamma,F,19,H,delhirao s,5,414,Aminsahebpeta,Y
KZZ2092476,korikana jaya,F,25,H,narayana,5,415,Aminsahebpeta,Y
TBG1758085,palina vighneshu,M,19,F,dandasi s,5,417,Aminsahebpeta,Y
KZZ2089175,palina janaki,F,21,H,kameshu,5,418,Aminsahebpeta,Y
KZZ2090736,palina dandasi,M,61,F,dasaradhi,5,420,Aminsahebpeta,Y
TBG1882042,palina thulasamma,F,56,H,dandasi,5,421,Aminsahebpeta,Y
KZZ2090785,pitta parashuram,M,22,F,jagannadhu,5,425,Aminsahebpeta,Y
KZZ2090769,pitta kamalamma,F,36,H,heramb,5,428,Aminsahebpeta,Y
KZZ2090793,salina punyavathi,F,25,H,loknadam,5,431,Aminsahebpeta,Y
KZZ2091460,salani sahdeo,M,24,F,tulasayya,5,432,Aminsahebpeta,Y
KZZ2865046,matta ammulu,F,35,H,puroshottam,5,436,Aminsahebpeta,Y
TBG1538438,matta balakrishna,M,22,F,puroshottam,5,437,Aminsahebpeta,Y
TBG0179804,matta srinivas,M,19,F,janakirao,5,438,Aminsahebpeta,Y
KZZ2088870,matta vimalamma,F,41,H,janakirao,5,439,Aminsahebpeta,Y
TBG0937872,jagannayakulu goda,M,22,F,barikayya,5,44,Aminsahebpeta,Y
KZZ1941871,chittaranjan sahu,M,39,F,babnisahu,5,440,Aminsahebpeta,Y
KZZ1941855,mirabhayi sahu,F,31,H,chittarannan sahu,5,441,Aminsahebpeta,Y
KZZ2090876,manyala vighneshu,M,32,F,erraiah,5,443,Aminsahebpeta,Y
KZZ1941749,manyala kundana,F,27,H,vighneshu,5,444,Aminsahebpeta,Y
KZZ2091478,matta dharmaraju,M,39,F,sanyasirao,5,447,Aminsahebpeta,Y
KZZ2088904,matta hema,F,25,H,pitambaru,5,449,Aminsahebpeta,Y
TBG1881069,padma salina,F,32,H,delhirao,5,45,Aminsahebpeta,Y
KZZ2090892,borubhadra narayanamma,F,51,H,chinnaiah,5,451,Aminsahebpeta,Y
KZZ2091494,borubhadrasureshkumar,M,30,F,chinnaiah,5,452,Aminsahebpeta,Y
KZZ2091502,borubadra srinu,M,21,F,chinnaiah,5,453,Aminsahebpeta,Y
KZZ2091510,boddu neela,F,21,H,paparao,5,454,Aminsahebpeta,Y
KZZ1941897,baddi paparao,M,30,F,bhairagi,5,458,Aminsahebpeta,Y
KZZ2090967,subhashini behara,F,43,H,godadhar,5,464,Aminsahebpeta,Y
TBG2372316,santosh kumar behara,M,19,F,godadhar,5,466,Aminsahebpeta,Y
TBG0346098,vishvanadham behara,M,18,F,chittaranjan,5,467,Aminsahebpeta,Y
KZZ2090983,chittaranjan behara,M,50,F,puroshottam behara,5,469,Aminsahebpeta,Y
KZZ2090991,radharani behara,F,39,H,chittaranjan,5,470,Aminsahebpeta,Y
KZZ2088938,narayana behara,M,36,F,behrani,5,475,Aminsahebpeta,Y
KZZ2088995,sripurshowttamsuryanarain,M,46,F,srinivasaswamy,5,477,Aminsahebpeta,Y
KZZ2089092,s.p.shuresh kumar,M,20,F,suryanarain,5,479,Aminsahebpeta,Y
KZZ2091056,neelamma behara,F,32,H,sahdeo,5,483,Aminsahebpeta,Y
TBG1229351,kuresh kumar behara,M,18,F,sahdeo,5,484,Aminsahebpeta,Y
KZZ2091064,durgasi kantamma,F,40,H,lakshmaiah,5,485,Aminsahebpeta,Y
KZZ2865079,datti kotesu,F,18,H,bairagi,5,492,Aminsahebpeta,Y
TBG0082388,manyala harischandra,M,30,F,erraiah,5,496,Aminsahebpeta,Y
TBG0458661,datti durjayya,M,46,F,bhairagi,5,498,Aminsahebpeta,Y
KZZ2089084,datti dhillemma,F,43,H,durjayya,5,499,Aminsahebpeta,Y
TBG1881077,delhirao salina,M,36,F,madaiah,5,50,Aminsahebpeta,Y
KZZ2091544,bondada chandramani,M,56,F,madaiah,5,500,Aminsahebpeta,Y
KZZ1941285,bondada jogamma,F,46,H,chandramani,5,501,Aminsahebpeta,Y
TBG0886368,mohanarao saleena,M,18,F,pakiru,5,51,Aminsahebpeta,Y
TBG1882117,konda padma,F,39,H,bikarinayiko,5,513,Aminsahebpeta,Y
TBG1882125,konda kundanalu,F,46,H,sanyasi,5,514,Aminsahebpeta,Y
KZZ2091569,konda duryodhana,M,20,F,sanyasi,5,515,Aminsahebpeta,Y
TBG1882133,krishna rajanayiko,M,33,F,balaram,5,517,Aminsahebpeta,Y
KZZ2091577,anando nayiko,M,29,F,balaram,5,520,Aminsahebpeta,Y
KZZ1941145,mohana nayiko,M,20,F,balaram,5,521,Aminsahebpeta,Y
KZZ1941038,gowri nayiko,F,22,H,krishna,5,522,Aminsahebpeta,Y
KZZ2091155,parvathi nayiko,F,20,H,anand,5,523,Aminsahebpeta,Y
KZZ2091684,senapathidevi,F,25,H,venkatarao,5,537,Aminsahebpeta,Y
TBG1252055,annapoorna ratnala,F,56,H,padmanabham,5,538,Aminsahebpeta,Y
TBG1882141,ratnala jyothi,F,33,H,duryodhana,5,540,Aminsahebpeta,Y
TBG1859180,boddu seetamma,F,38,H,ramaiah,5,543,Aminsahebpeta,Y
KZZ2091700,matta simmaiah,M,40,F,barikayya,5,544,Aminsahebpeta,Y
KZZ2091718,matta jogamma,F,37,H,simmaiah,5,545,Aminsahebpeta,Y
TBG0431502,salina tulasayya,M,53,F,babaiah,5,546,Aminsahebpeta,Y
TBG0431411,salina ratnam,F,49,H,tulasayya,5,547,Aminsahebpeta,Y
TBG0563551,salina kamesu,M,31,F,tulasayya,5,548,Aminsahebpeta,Y
TBG0621953,salina loknadham,M,29,F,tulasayya,5,549,Aminsahebpeta,Y
KZZ2091775,korikana bairagi,M,26,F,tumbanadham,5,552,Aminsahebpeta,Y
TBG1755636,korakaani hema,F,20,H,gangaiah,5,553,Aminsahebpeta,Y
KZZ2091767,korikana tulasayya,M,28,F,tumbanadham,5,557,Aminsahebpeta,Y
KZZ2091791,korikana tumbhnadhan,M,51,F,jaggaiah,5,558,Aminsahebpeta,Y
KZZ2091809,korikana papamma,F,46,H,tumbhnadhan,5,559,Aminsahebpeta,Y
KZZ2091825,matta kundana,F,30,H,srinivasarao,5,561,Aminsahebpeta,Y
KZZ2091833,durgasi seetayya,M,30,F,tonkayya,5,562,Aminsahebpeta,Y
KZZ2091841,durgasi vasantu,F,25,H,seetayya,5,563,Aminsahebpeta,Y
KZZ2091296,radha behara,F,50,H,bonobasi,5,565,Aminsahebpeta,Y
KZZ2091882,simhachalam behara,M,25,F,boaknowbasi,5,568,Aminsahebpeta,Y
KZZ2092492,urvashi behara,F,20,H,simhachalam,5,569,Aminsahebpeta,Y
KZZ1941814,nartu mahalakshmi,F,56,H,appaiah,5,573,Aminsahebpeta,Y
KZZ1941863,nartu aadinarayana,M,23,F,mahalakshmi,5,575,Aminsahebpeta,Y
KZZ2091916,annapoorna kalla,F,31,H,bheemaiah,5,577,Aminsahebpeta,Y
KZZ2089159,kalla jammalu,F,25,H,chinnaiah,5,579,Aminsahebpeta,Y
KZZ2091304,lakshmamma kalla,F,61,H,dasu,5,580,Aminsahebpeta,Y
KZZ2088425,pitta laxminarayana,M,46,F,krishanamurthy,5,582,Aminsahebpeta,Y
KZZ0670265,pitta neelamma,F,39,H,laxminarayana,5,583,Aminsahebpeta,Y
KZZ1941061,pitta chandrasekhar,M,49,F,karranna,5,584,Aminsahebpeta,Y
KZZ2091981,saleen kurramma,F,30,H,tulasayya,5,590,Aminsahebpeta,Y
TBG0527176,sappa lacchaiah,M,25,F,gunnaiah,5,596,Aminsahebpeta,Y
KZZ2092518,sappa devaki,F,20,H,lacchaiah,5,597,Aminsahebpeta,Y
KZZ2090520,kuramma durgasi,F,36,H,chandraiah,5,6,Aminsahebpeta,Y
TBG1882190,nartu karraiah,M,52,F,pandaiah,5,601,Aminsahebpeta,Y
TBG1882174,nartu devaki,F,48,H,karraiah,5,602,Aminsahebpeta,Y
TBG0662437,nartu mahalakshmi,F,54,H,suraiah,5,607,Aminsahebpeta,Y
TBG1882182,nartu prasad,M,32,F,karraiah,5,608,Aminsahebpeta,Y
TBG1882208,nartu ramarao,M,29,F,karraiah,5,609,Aminsahebpeta,Y
KZZ0670760,patri deenayya,M,35,F,puroshottam,5,613,Aminsahebpeta,Y
KZZ2866085,patri saeyamma,F,30,H,deenayya,5,614,Aminsahebpeta,Y
KZZ2088102,konagala gurumurthy,M,39,F,raghunadharao,5,617,Aminsahebpeta,Y
TBG1882232,konagala bebi,F,37,H,gurumurthy,5,618,Aminsahebpeta,Y
KZZ2092179,gusiri jogulu,M,25,F,madaiah,5,628,Aminsahebpeta,Y
KZZ2092526,gusiri ramulamma,F,20,H,jogulu,5,629,Aminsahebpeta,Y
TBG1882299,chandramma,F,41,H,nookaraju,5,633,Aminsahebpeta,Y
TBG1882240,malleshu,M,36,F,ramaiah,5,636,Aminsahebpeta,Y
TBG1882257,neelamma,F,30,H,malleshu,5,637,Aminsahebpeta,Y
TBG0431486,landa duryodhana,M,18,F,balaiah,5,639,Aminsahebpeta,Y
TBG1155838,nartu gunnamma,F,25,F,mohanarao,5,644,Aminsahebpeta,Y
TBG1882273,borubhadra draupadi,F,36,H,venkatasvaami,5,650,Aminsahebpeta,Y
TBG1710474,kolli apparao,M,51,F,adiyya,5,654,Aminsahebpeta,Y
KZZ2089738,gunnamma lotti,F,22,H,baburao,5,66,Aminsahebpeta,Y
KZZ2865129,dubba dilleshvari,F,19,H,srinivas,5,660,Aminsahebpeta,Y
KZZ0670588,dubba dalamma,F,20,F,narasimhulu,5,661,Aminsahebpeta,Y
TBG0346270,dubba devaki,F,18,F,narasimhulu,5,662,Aminsahebpeta,Y
TBG0082412,dubba,M,39,F,narsimhulu,5,665,Aminsahebpeta,Y
KZZ2088318,dubba srinuvas,M,29,F,narasimhulu,5,667,Aminsahebpeta,Y
TBG1882281,garagadala krishnarao,M,44,F,bairagi,5,668,Aminsahebpeta,Y
TBG0662544,garagadala jayalakshmi,F,39,H,krishnarao,5,669,Aminsahebpeta,Y
KZZ2092328,goopalli sukumari,F,29,H,appanna,5,673,Aminsahebpeta,Y
TBG0635656,nartu bharathi,F,18,H,mohanarao,5,676,Aminsahebpeta,Y
TBG1882307,salina pottaiah,M,56,F,emdayya,5,678,Aminsahebpeta,Y
KZZ2865897,chinni nookaiah,M,19,F,mohanarao,5,682,Aminsahebpeta,Y
KZZ2865913,chinni delhirao,M,18,F,mohanarao,5,683,Aminsahebpeta,Y
TBG1191667,botta ramakrishna,M,28,F,paparao,5,685,Aminsahebpeta,Y
KZZ1941095,neyil simhachalam,F,22,H,tarnayya,5,686,Aminsahebpeta,Y
KZZ1941103,neyil hemalatha,F,19,H,simhachalam,5,687,Aminsahebpeta,Y
KZZ2092351,,M,51,F,raghu,5,690,Aminsahebpeta,Y
KZZ1941087,neyyila sakuntala,F,46,H,,5,691,Aminsahebpeta,Y
KZZ2092427,khadel bairamma,F,23,H,kamesu,5,694,Aminsahebpeta,Y
TBG1882315,,M,69,F,karraiah,5,695,Aminsahebpeta,Y
TBG1882323,devakamma,F,61,H,,5,696,Aminsahebpeta,Y
KZZ2092401,kamesu,M,29,F,,5,697,Aminsahebpeta,Y
KZZ2092419,,M,29,F,,5,698,Aminsahebpeta,Y
KZZ1941574,devaiah korikani,M,31,F,madaiah,5,7,Aminsahebpeta,Y
TBG1882331,arapa chandramma,F,46,H,ramu,5,700,Aminsahebpeta,Y
KZZ2865152,arava rajyalakshmi,F,19,H,jagannadham,5,701,Aminsahebpeta,Y
KZZ2866127,korayi punnalu,F,30,H,gunnaiah,5,703,Aminsahebpeta,Y
KZZ2092443,kaya pakiru,M,26,F,harischandra,5,708,Aminsahebpeta,Y
KZZ0670042,kaya narasa,F,20,H,pakiru,5,709,Aminsahebpeta,Y
KZZ2089787,kurmarala tadaka,M,27,F,suryanarain,5,71,Aminsahebpeta,Y
KZZ2092450,ravindrakumar naik,M,29,F,kolayi sundar,5,710,Aminsahebpeta,Y
KZZ2092567,harathi naik,F,26,H,ravindrakumar,5,711,Aminsahebpeta,Y
TBG2563997,manoj kumar naik,M,25,F,kolayi sundar,5,712,Aminsahebpeta,Y
TBG1882356,sitaratnam,F,38,H,narsinhamurti,5,716,Aminsahebpeta,Y
TBG0962382,ranganayakulu,M,81,F,jagannadham,5,717,Aminsahebpeta,Y
KZZ2090116,papamma tadaka,F,22,H,kurmarao,5,72,Aminsahebpeta,Y
TBG0662478,dakkat narayana,M,21,F,chinnaiah,5,721,Aminsahebpeta,Y
KZZ0670166,gupalli chinnamma,F,39,H,jagannayakulu,5,726,Aminsahebpeta,Y
KZZ0670943,dunga gangamma,F,61,H,suryanarain,5,730,Aminsahebpeta,Y
TBG1882372,dunga krishanamurthy,M,36,F,suryanarain,5,731,Aminsahebpeta,Y
KZZ0670968,dunga devakamma,F,30,H,krishanamurthy,5,732,Aminsahebpeta,Y
KZZ2865186,dunga mohanarao,M,28,F,suryanarain,5,733,Aminsahebpeta,Y
KZZ2865194,narasaiah,M,37,F,balaji,5,734,Aminsahebpeta,Y
KZZ2865202,sarojini,F,35,H,narasaiah,5,735,Aminsahebpeta,Y
KZZ0670547,korikana johnykamma,F,56,H,janakirao,5,737,Aminsahebpeta,Y
KZZ2088300,korikana mamaiah,M,30,F,janakirao,5,738,Aminsahebpeta,Y
KZZ0670323,korikana nirmala,F,27,H,mamaiah,5,739,Aminsahebpeta,Y
TBG1528124,durgasi chiranjeevulu,M,24,F,barikayya,5,749,Aminsahebpeta,Y
KZZ1941186,lakkoju devaki,F,26,H,bhaskararao,5,753,Aminsahebpeta,Y
KZZ0670562,ratnala savitri,F,35,H,brindavan,5,755,Aminsahebpeta,Y
KZZ2088086,kadambala bhagyalakshmi,F,30,H,krishnarao,5,757,Aminsahebpeta,Y
TBG1882380,balledakonda sivaji,M,47,F,apparao,5,758,Aminsahebpeta,Y
TBG1882398,meenakshi,F,43,H,kondasivaji,5,759,Aminsahebpeta,Y
KZZ2089266,prathimasahu,F,41,H,ravindranadhsahu,5,76,Aminsahebpeta,Y
TBG1251958,sivaprasad patro,M,28,F,upendra,5,760,Aminsahebpeta,Y
KZZ2865236,sridhar patro,M,21,F,upendra,5,762,Aminsahebpeta,Y
TBG1882406,murapala janakamma,F,43,H,chalamaiah,5,766,Aminsahebpeta,Y
TBG0909145,jahid ali,M,51,F,jameen ali,5,768,Aminsahebpeta,Y
KZZ2089472,hawlimunnisa,F,29,H,juhid ali,5,769,Aminsahebpeta,Y
KZZ0670026,s.k.man war,M,35,F,gul jar,5,770,Aminsahebpeta,Y
KZZ2089464,s.k. roshini,F,25,H,man har,5,771,Aminsahebpeta,Y
KZZ1941434,khatun beebi,F,50,H,dapud sharif,5,774,Aminsahebpeta,Y
KZZ2092658,khaseem sharif,M,25,F,dawood,5,777,Aminsahebpeta,Y
KZZ2088730,sarasvati gusiri,F,53,H,barikayya,5,78,Aminsahebpeta,Y
TBG1882075,durgashi budhayudu,M,41,F,tonkayya,5,780,Aminsahebpeta,Y
TBG1337691,nartu meghanadh,M,25,F,madaiah,5,785,Aminsahebpeta,Y
KZZ2089183,nartu bhanu,F,25,H,dhillesu,5,786,Aminsahebpeta,Y
KZZ2092682,nartu lakshmi,F,43,H,madaiah,5,789,Aminsahebpeta,Y
KZZ2089795,ashok patru,M,35,F,narayanarao,5,79,Aminsahebpeta,Y
KZZ2088722,nartu,M,29,F,madaiah,5,790,Aminsahebpeta,Y
KZZ2865285,subhas panda,M,35,F,-,5,793,Aminsahebpeta,Y
KZZ2092716,tannulat panda,F,30,H,subhas,5,794,Aminsahebpeta,Y
KZZ2089803,satyavathi patru,F,30,H,ashok,5,80,Aminsahebpeta,Y
KZZ0670745,durgasi tumbhaiah,M,30,F,tonkayya,5,801,Aminsahebpeta,Y
KZZ1941244,durgasi chandramma,F,26,H,tumbhaiah,5,802,Aminsahebpeta,Y
KZZ2092799,pappu,M,30,F,sankararam,5,820,Aminsahebpeta,Y
KZZ2865350,krishnamma rayi,F,20,F,sankararao,5,821,Aminsahebpeta,Y
TBG1629195,salina shantamma,F,35,H,narasimhulu,5,828,Aminsahebpeta,Y
TBG1881119,salina danaiah,M,41,F,kamaiah,5,83,Aminsahebpeta,Y
TBG1279190,shakiba m.d,F,18,F,shakeel hajare,5,836,Aminsahebpeta,Y
TBG1881101,varalakshmi salina,F,31,H,danaiah,5,84,Aminsahebpeta,Y
KZZ2092880,sunnapa sankararao,M,29,F,pasupathi,5,845,Aminsahebpeta,Y
KZZ2089845,gusiri umapathi,M,20,F,krishnaiah,5,86,Aminsahebpeta,Y
TBG1286328,datti seetamma,F,40,H,janakirao,5,861,Aminsahebpeta,Y
KZZ2864999,gusiri narasamma,F,22,H,chinabaabu,5,87,Aminsahebpeta,Y
KZZ2089860,gusiri thulasamma,F,21,H,chiranjeevulu,5,88,Aminsahebpeta,Y
TBG0635631,rapaka lakshminarayana,M,18,F,appanna,5,889,Aminsahebpeta,Y
KZZ1941442,revatamma salina,F,30,H,mamaiah,5,9,Aminsahebpeta,Y
TBG1881127,appalamma salina,F,66,H,barikayya,5,90,Aminsahebpeta,Y
KZZ2088698,anjali salina,F,36,H,umamaheswararao,5,92,Aminsahebpeta,Y
TBG1881135,mamaiah salina,M,31,F,barikayya,5,93,Aminsahebpeta,Y
TBG1155960,bejjipalle baburao,M,25,F,haddiyya,5,931,Aminsahebpeta,Y
TBG1881150,kesavarao salina,M,41,F,barikayya,5,94,Aminsahebpeta,Y
KZZ0670349,kamakshi saleen,F,22,H,mamaiah,5,96,Aminsahebpeta,Y
KZZ2093219,narayana barika,M,31,F,gamgadhar,5,981,Aminsahebpeta,Y
TBG0563650,vijay barika,M,29,F,gamgadhar,5,982,Aminsahebpeta,Y
KZZ0670141,appanna vamjarana,M,24,F,seetayya,5,987,Aminsahebpeta,Y
